BlockSizeBytes,SequentialWriteMiBps,SequentialWriteCpuPercent,SequentialWritePeakWorkingSetIncreaseMiB,SequentialWriteAllocatedMiB,SequentialReadMiBps,SequentialReadCpuPercent,SequentialReadPeakWorkingSetIncreaseMiB,SequentialReadAllocatedMiB,RandomReadIops,RandomReadCpuPercent,RandomReadPeakWorkingSetIncreaseMiB,RandomReadAllocatedMiB,RandomWriteIops,RandomWriteCpuPercent,RandomWritePeakWorkingSetIncreaseMiB,RandomWriteAllocatedMiB
4096,735.146,5.609,1113.211,1542.201,2953.123,5.257,8.523,6.139,192566.265,3.061,8.355,17.196,41484.320,4.616,50.520,63.341
8192,824.625,5.243,364.555,1539.156,5945.414,6.048,0.000,3.124,208143.831,9.925,0.000,31.542,30101.622,3.828,37.996,60.094
16384,1212.593,5.859,528.574,1537.588,7770.031,3.952,0.004,1.625,122684.319,5.850,0.000,57.730,32119.092,5.616,2.977,54.024
32768,1243.852,6.959,526.652,1536.766,9442.418,12.007,0.059,0.867,89752.720,8.559,6.148,64.975,26093.294,4.977,29.672,42.030
65536,1380.838,4.565,142.387,1536.226,8150.712,6.218,0.000,0.500,85002.003,6.755,0.699,64.738,14144.960,4.272,23.668,18.000
131072,1339.046,5.449,142.648,1535.726,7836.103,5.978,0.008,0.312,57103.264,5.446,63.512,64.450,7392.777,4.465,0.402,2.259
262144,1050.498,5.076,386.934,1535.014,8689.365,8.839,0.000,0.218,34046.600,6.494,0.000,63.927,3631.350,6.291,0.016,2.209
524288,850.414,6.488,0.000,1596.743,7567.159,9.622,0.000,0.164,17783.034,7.066,0.059,0.918,1675.586,6.179,0.000,2.588
1048576,540.361,6.321,383.520,1591.232,3807.790,8.715,0.000,0.140,5213.508,5.884,0.051,1.974,679.057,5.688,0.000,3.500
